q_selection,q_susceptible_zero,q_resistant_zero
0.8019307504930222,2.038098661460272,29.24038303442689
